##########################################################
# Case Study #1: Danny's Diner
# This SQL script is a DDL file for creating tables.
# Source: https://8weeksqlchallenge.com/case-study-1/
##########################################################


-- Create Schema
CREATE SCHEMA IF NOT EXISTS dannys_diner;


-- Create and Populate "sales" table
CREATE TABLE IF NOT EXISTS dannys_diner.sales (
  customer_id VARCHAR(1),
  order_date DATE,
  product_id INTEGER
);

INSERT INTO dannys_diner.sales
  (customer_id, order_date, product_id)
VALUES
  ('A', '2021-01-01', '1'),
  ('A', '2021-01-01', '2'),
  ('A', '2021-01-07', '2'),
  ('A', '2021-01-10', '3'),
  ('A', '2021-01-11', '3'),
  ('A', '2021-01-11', '3'),
  ('B', '2021-01-01', '2'),
  ('B', '2021-01-02', '2'),
  ('B', '2021-01-04', '1'),
  ('B', '2021-01-11', '1'),
  ('B', '2021-01-16', '3'),
  ('B', '2021-02-01', '3'),
  ('C', '2021-01-01', '3'),
  ('C', '2021-01-01', '3'),
  ('C', '2021-01-07', '3');
 

-- Create and Populate "menu" table
CREATE TABLE IF NOT EXISTS dannys_diner.menu (
  product_id INTEGER,
  product_name VARCHAR(5),
  price INTEGER
);

INSERT INTO dannys_diner.menu
  (product_id, product_name, price)
VALUES
  ('1', 'sushi', '10'),
  ('2', 'curry', '15'),
  ('3', 'ramen', '12');
  

-- Create and Populate "members" table
CREATE TABLE IF NOT EXISTS dannys_diner.members (
  customer_id VARCHAR(1),
  join_date DATE
);

INSERT INTO dannys_diner.members
  (customer_id, join_date)
VALUES
  ('A', '2021-01-07'),
  ('B', '2021-01-09');